{
    "cumulative_timesteps": 19408016,
    "cumulative_model_updates": 6136,
    "policy_average_reward": 1311.3509740176419,
    "epoch": 386,
    "ts_since_last_save": 400100,
    "reward_running_stats": {
        "mean": [
            27.186751375612555
        ],
        "var": [
            78918289.37877095
        ],
        "shape": [
            1
        ],
        "count": 58200
    }
}