{
    "cumulative_timesteps": 309813284,
    "cumulative_model_updates": 42228,
    "policy_average_reward": 27919.87682897974,
    "epoch": 3030,
    "ts_since_last_save": 1200108,
    "reward_running_stats": {
        "mean": [
            137.26542318280025
        ],
        "var": [
            21921625217.915817
        ],
        "shape": [
            1
        ],
        "count": 455850
    }
}