{
    "cumulative_timesteps": 698955880,
    "cumulative_model_updates": 59761,
    "policy_average_reward": 13119.759811592097,
    "epoch": 4321,
    "ts_since_last_save": 300016,
    "reward_running_stats": {
        "mean": [
            207.78641445013622
        ],
        "var": [
            99363465703.11174
        ],
        "shape": [
            1
        ],
        "count": 650400
    }
}