{
    "cumulative_timesteps": 200602678,
    "cumulative_model_updates": 33928,
    "policy_average_reward": 7026.70040691236,
    "epoch": 2501,
    "ts_since_last_save": 600156,
    "reward_running_stats": {
        "mean": [
            107.08128063835954
        ],
        "var": [
            11315592345.542255
        ],
        "shape": [
            1
        ],
        "count": 375750
    }
}