{
    "cumulative_timesteps": 561837748,
    "cumulative_model_updates": 52481,
    "policy_average_reward": 9670.231197855093,
    "epoch": 3865,
    "ts_since_last_save": 300024,
    "reward_running_stats": {
        "mean": [
            181.5982816310797
        ],
        "var": [
            61109938637.35624
        ],
        "shape": [
            1
        ],
        "count": 581850
    }
}