{
    "cumulative_timesteps": 237206584,
    "cumulative_model_updates": 36764,
    "policy_average_reward": 5243.692979146772,
    "epoch": 2681,
    "ts_since_last_save": 200004,
    "reward_running_stats": {
        "mean": [
            113.59150940842495
        ],
        "var": [
            13811976883.606697
        ],
        "shape": [
            1
        ],
        "count": 403200
    }
}