{
    "cumulative_timesteps": 519832240,
    "cumulative_model_updates": 50556,
    "policy_average_reward": 8461.628926838002,
    "epoch": 3727,
    "ts_since_last_save": 1200184,
    "reward_running_stats": {
        "mean": [
            178.85816068761568
        ],
        "var": [
            54051063443.888565
        ],
        "shape": [
            1
        ],
        "count": 560850
    }
}