{
    "cumulative_timesteps": 207603438,
    "cumulative_model_updates": 34452,
    "policy_average_reward": 3059.5430104283455,
    "epoch": 2535,
    "ts_since_last_save": 1000104,
    "reward_running_stats": {
        "mean": [
            107.73582012116535
        ],
        "var": [
            11761485650.856768
        ],
        "shape": [
            1
        ],
        "count": 381000
    }
}