{
    "cumulative_timesteps": 49970672,
    "cumulative_model_updates": 15880,
    "policy_average_reward": 3232.367737339521,
    "epoch": 996,
    "ts_since_last_save": 550174,
    "reward_running_stats": {
        "mean": [
            49.58726737687008
        ],
        "var": [
            461502783.64415383
        ],
        "shape": [
            1
        ],
        "count": 149850
    }
}